logged_at,run_name,epoch,time,train_box_loss,train_class_loss,train_dfl_loss,metrics/precision(B),metrics/recall(B),metrics/mAP50(B),metrics/mAP50-95(B),val_box_loss,val_class_loss,val_dfl_loss,lr/pg0,lr/pg1,lr/pg2,loss,val_loss,box_loss,class_loss,dfl_loss,stage,lr,checkpoint,train_source,batch,imgsz,notes
2026-03-24T19:13:18,L1,1,425.402,1.49322,4.25942,0.03122,0.08997,0.16891,0.08029,0.04078,1.62375,3.2677,0.04449,0.000416423,0.000416423,0.000416423,1.49322,4.9359399999999996,,,,L1,0.0001,E:\Git-Repository\MyAI-Projects\RPi-Vesp-Training2-PT-GPU-WIN\training_logs\L1-YOLOV26-asianhornet2\weights\best.pt,E:\Git-Repository\MyAI-Projects\RPi-Vesp-Training2-PT-GPU-WIN\datasets\Detection-Asian-hornet.v2.yolo\data.yaml,4,"(512, 512)",YOLO26 baseline detect training Smoke test
2026-03-25T02:29:33,L2,1,577.75,1.43297,1.72728,0.02958,0.07335,0.6872,0.07507,0.04749,1.28804,3.64438,0.03189,0.00999416,0.00333139,0.00999416,1.43297,4.96431,,,,L2,0.0001,E:\Git-Repository\MyAI-Projects\RPi-Vesp-Training2-PT-GPU-WIN\training_logs\L2-YOLOV26-asianhornet2\weights\best.pt,E:\Git-Repository\MyAI-Projects\RPi-Vesp-Training2-PT-GPU-WIN\datasets\Detection-Asian-hornet.v2.yolo\data.yaml,4,"(512, 512)",YOLO26 baseline detect training Full
2026-03-25T02:29:33,L2,2,1014.39,1.44566,1.61305,0.02985,0.04586,0.66134,0.07172,0.03987,1.3167,3.50683,0.0326,0.0199893,0.00666309,0.0199893,1.44566,4.85613,,,,L2,0.0001,E:\Git-Repository\MyAI-Projects\RPi-Vesp-Training2-PT-GPU-WIN\training_logs\L2-YOLOV26-asianhornet2\weights\best.pt,E:\Git-Repository\MyAI-Projects\RPi-Vesp-Training2-PT-GPU-WIN\datasets\Detection-Asian-hornet.v2.yolo\data.yaml,4,"(512, 512)",YOLO26 baseline detect training Full
2026-03-25T02:29:33,L2,3,1429.14,1.51957,1.68795,0.03192,0.16049,0.38687,0.14208,0.07889,1.52046,3.26782,0.03947,0.0299649,0.00998829,0.0299649,1.51957,4.82775,,,,L2,0.0001,E:\Git-Repository\MyAI-Projects\RPi-Vesp-Training2-PT-GPU-WIN\training_logs\L2-YOLOV26-asianhornet2\weights\best.pt,E:\Git-Repository\MyAI-Projects\RPi-Vesp-Training2-PT-GPU-WIN\datasets\Detection-Asian-hornet.v2.yolo\data.yaml,4,"(512, 512)",YOLO26 baseline detect training Full
2026-03-25T02:29:33,L2,4,1831.46,1.58869,1.78759,0.03312,0.06482,0.90224,0.1262,0.07352,1.4486,3.06633,0.03688,0.0299341,0.00997803,0.0299341,1.58869,4.55181,,,,L2,0.0001,E:\Git-Repository\MyAI-Projects\RPi-Vesp-Training2-PT-GPU-WIN\training_logs\L2-YOLOV26-asianhornet2\weights\best.pt,E:\Git-Repository\MyAI-Projects\RPi-Vesp-Training2-PT-GPU-WIN\datasets\Detection-Asian-hornet.v2.yolo\data.yaml,4,"(512, 512)",YOLO26 baseline detect training Full
2026-03-25T02:29:33,L2,5,2233.69,1.57723,1.6856,0.03298,0.07049,0.73409,0.10979,0.06006,1.48497,3.19875,0.03839,0.0298829,0.00996097,0.0298829,1.57723,4.72211,,,,L2,0.0001,E:\Git-Repository\MyAI-Projects\RPi-Vesp-Training2-PT-GPU-WIN\training_logs\L2-YOLOV26-asianhornet2\weights\best.pt,E:\Git-Repository\MyAI-Projects\RPi-Vesp-Training2-PT-GPU-WIN\datasets\Detection-Asian-hornet.v2.yolo\data.yaml,4,"(512, 512)",YOLO26 baseline detect training Full
2026-03-25T02:29:33,L2,6,2636.22,1.52692,1.60356,0.03181,0.0387,0.74896,0.08084,0.04701,1.36329,3.47814,0.03498,0.0298172,0.00993906,0.0298172,1.52692,4.87641,,,,L2,0.0001,E:\Git-Repository\MyAI-Projects\RPi-Vesp-Training2-PT-GPU-WIN\training_logs\L2-YOLOV26-asianhornet2\weights\best.pt,E:\Git-Repository\MyAI-Projects\RPi-Vesp-Training2-PT-GPU-WIN\datasets\Detection-Asian-hornet.v2.yolo\data.yaml,4,"(512, 512)",YOLO26 baseline detect training Full
2026-03-25T02:29:33,L2,7,3038.27,1.51006,1.54654,0.03148,0.0831,0.84522,0.13231,0.07817,1.40484,3.37756,0.03601,0.029737,0.00991232,0.029737,1.51006,4.81841,,,,L2,0.0001,E:\Git-Repository\MyAI-Projects\RPi-Vesp-Training2-PT-GPU-WIN\training_logs\L2-YOLOV26-asianhornet2\weights\best.pt,E:\Git-Repository\MyAI-Projects\RPi-Vesp-Training2-PT-GPU-WIN\datasets\Detection-Asian-hornet.v2.yolo\data.yaml,4,"(512, 512)",YOLO26 baseline detect training Full
2026-03-25T02:29:33,L2,8,3440.95,1.48895,1.48262,0.03101,0.03875,0.75089,0.08271,0.04912,1.3574,3.58185,0.03377,0.0296424,0.00988079,0.0296424,1.48895,4.97302,,,,L2,0.0001,E:\Git-Repository\MyAI-Projects\RPi-Vesp-Training2-PT-GPU-WIN\training_logs\L2-YOLOV26-asianhornet2\weights\best.pt,E:\Git-Repository\MyAI-Projects\RPi-Vesp-Training2-PT-GPU-WIN\datasets\Detection-Asian-hornet.v2.yolo\data.yaml,4,"(512, 512)",YOLO26 baseline detect training Full
2026-03-25T02:29:33,L2,9,3842.96,1.46642,1.46888,0.03044,0.06732,0.92182,0.13016,0.07649,1.32549,3.38779,0.03301,0.0295335,0.00984449,0.0295335,1.46642,4.74629,,,,L2,0.0001,E:\Git-Repository\MyAI-Projects\RPi-Vesp-Training2-PT-GPU-WIN\training_logs\L2-YOLOV26-asianhornet2\weights\best.pt,E:\Git-Repository\MyAI-Projects\RPi-Vesp-Training2-PT-GPU-WIN\datasets\Detection-Asian-hornet.v2.yolo\data.yaml,4,"(512, 512)",YOLO26 baseline detect training Full
2026-03-25T02:29:33,L2,10,4244.9,1.44573,1.44211,0.02969,0.04746,0.7484,0.08319,0.04866,1.29076,3.64757,0.03181,0.0294104,0.00980345,0.0294104,1.44573,4.97014,,,,L2,0.0001,E:\Git-Repository\MyAI-Projects\RPi-Vesp-Training2-PT-GPU-WIN\training_logs\L2-YOLOV26-asianhornet2\weights\best.pt,E:\Git-Repository\MyAI-Projects\RPi-Vesp-Training2-PT-GPU-WIN\datasets\Detection-Asian-hornet.v2.yolo\data.yaml,4,"(512, 512)",YOLO26 baseline detect training Full
2026-03-25T02:29:33,L2,11,4646.51,1.41813,1.38154,0.02886,0.06153,0.85559,0.09205,0.05603,1.25261,3.53654,0.03093,0.0292732,0.00975773,0.0292732,1.41813,4.82008,,,,L2,0.0001,E:\Git-Repository\MyAI-Projects\RPi-Vesp-Training2-PT-GPU-WIN\training_logs\L2-YOLOV26-asianhornet2\weights\best.pt,E:\Git-Repository\MyAI-Projects\RPi-Vesp-Training2-PT-GPU-WIN\datasets\Detection-Asian-hornet.v2.yolo\data.yaml,4,"(512, 512)",YOLO26 baseline detect training Full
2026-03-25T02:29:33,L2,12,5051.07,1.38367,1.34705,0.02817,0.08858,0.77671,0.10495,0.06857,1.18095,3.74108,0.02928,0.0291221,0.00970736,0.0291221,1.38367,4.95131,,,,L2,0.0001,E:\Git-Repository\MyAI-Projects\RPi-Vesp-Training2-PT-GPU-WIN\training_logs\L2-YOLOV26-asianhornet2\weights\best.pt,E:\Git-Repository\MyAI-Projects\RPi-Vesp-Training2-PT-GPU-WIN\datasets\Detection-Asian-hornet.v2.yolo\data.yaml,4,"(512, 512)",YOLO26 baseline detect training Full
2026-03-25T02:29:33,L2,13,5453.21,1.38571,1.33468,0.02807,0.08478,0.9112,0.14525,0.09505,1.17392,3.2919,0.02853,0.0289572,0.00965239,0.0289572,1.38571,4.49435,,,,L2,0.0001,E:\Git-Repository\MyAI-Projects\RPi-Vesp-Training2-PT-GPU-WIN\training_logs\L2-YOLOV26-asianhornet2\weights\best.pt,E:\Git-Repository\MyAI-Projects\RPi-Vesp-Training2-PT-GPU-WIN\datasets\Detection-Asian-hornet.v2.yolo\data.yaml,4,"(512, 512)",YOLO26 baseline detect training Full
2026-03-25T02:29:33,L2,14,5855.06,1.38264,1.28065,0.0281,0.06277,0.71118,0.07952,0.04892,1.216,3.80508,0.02981,0.0287787,0.00959289,0.0287787,1.38264,5.05089,,,,L2,0.0001,E:\Git-Repository\MyAI-Projects\RPi-Vesp-Training2-PT-GPU-WIN\training_logs\L2-YOLOV26-asianhornet2\weights\best.pt,E:\Git-Repository\MyAI-Projects\RPi-Vesp-Training2-PT-GPU-WIN\datasets\Detection-Asian-hornet.v2.yolo\data.yaml,4,"(512, 512)",YOLO26 baseline detect training Full
2026-03-25T02:29:33,L2,15,6256.91,1.35189,1.26387,0.02728,0.06381,0.64778,0.06768,0.04318,1.14466,4.05887,0.02777,0.0285867,0.00952889,0.0285867,1.35189,5.2313,,,,L2,0.0001,E:\Git-Repository\MyAI-Projects\RPi-Vesp-Training2-PT-GPU-WIN\training_logs\L2-YOLOV26-asianhornet2\weights\best.pt,E:\Git-Repository\MyAI-Projects\RPi-Vesp-Training2-PT-GPU-WIN\datasets\Detection-Asian-hornet.v2.yolo\data.yaml,4,"(512, 512)",YOLO26 baseline detect training Full
2026-03-25T02:29:33,L2,16,6659.47,1.35104,1.27704,0.02706,0.10632,0.86841,0.14618,0.09403,1.14001,3.41023,0.02713,0.0283814,0.00946048,0.0283814,1.35104,4.577369999999999,,,,L2,0.0001,E:\Git-Repository\MyAI-Projects\RPi-Vesp-Training2-PT-GPU-WIN\training_logs\L2-YOLOV26-asianhornet2\weights\best.pt,E:\Git-Repository\MyAI-Projects\RPi-Vesp-Training2-PT-GPU-WIN\datasets\Detection-Asian-hornet.v2.yolo\data.yaml,4,"(512, 512)",YOLO26 baseline detect training Full
2026-03-25T02:29:33,L2,17,7063.2,1.34536,1.23779,0.02707,0.05085,0.63245,0.06407,0.04099,1.1551,4.01486,0.02854,0.0281632,0.00938772,0.0281632,1.34536,5.198499999999999,,,,L2,0.0001,E:\Git-Repository\MyAI-Projects\RPi-Vesp-Training2-PT-GPU-WIN\training_logs\L2-YOLOV26-asianhornet2\weights\best.pt,E:\Git-Repository\MyAI-Projects\RPi-Vesp-Training2-PT-GPU-WIN\datasets\Detection-Asian-hornet.v2.yolo\data.yaml,4,"(512, 512)",YOLO26 baseline detect training Full
2026-03-25T02:29:33,L2,18,7461.98,1.33543,1.18118,0.02685,0.09267,0.81119,0.10266,0.06732,1.11671,3.71896,0.02644,0.027932,0.00931067,0.027932,1.33543,4.86211,,,,L2,0.0001,E:\Git-Repository\MyAI-Projects\RPi-Vesp-Training2-PT-GPU-WIN\training_logs\L2-YOLOV26-asianhornet2\weights\best.pt,E:\Git-Repository\MyAI-Projects\RPi-Vesp-Training2-PT-GPU-WIN\datasets\Detection-Asian-hornet.v2.yolo\data.yaml,4,"(512, 512)",YOLO26 baseline detect training Full
2026-03-25T02:29:33,L2,19,7863.48,1.31447,1.21512,0.02627,0.10112,0.66641,0.10989,0.07389,1.11023,3.80157,0.02663,0.0276883,0.00922942,0.0276883,1.31447,4.938429999999999,,,,L2,0.0001,E:\Git-Repository\MyAI-Projects\RPi-Vesp-Training2-PT-GPU-WIN\training_logs\L2-YOLOV26-asianhornet2\weights\best.pt,E:\Git-Repository\MyAI-Projects\RPi-Vesp-Training2-PT-GPU-WIN\datasets\Detection-Asian-hornet.v2.yolo\data.yaml,4,"(512, 512)",YOLO26 baseline detect training Full
2026-03-25T02:29:33,L2,20,8263.91,1.29709,1.1937,0.0262,0.11397,0.70674,0.12145,0.0835,1.09743,3.89395,0.02644,0.0274321,0.00914405,0.0274321,1.29709,5.0178199999999995,,,,L2,0.0001,E:\Git-Repository\MyAI-Projects\RPi-Vesp-Training2-PT-GPU-WIN\training_logs\L2-YOLOV26-asianhornet2\weights\best.pt,E:\Git-Repository\MyAI-Projects\RPi-Vesp-Training2-PT-GPU-WIN\datasets\Detection-Asian-hornet.v2.yolo\data.yaml,4,"(512, 512)",YOLO26 baseline detect training Full
2026-03-25T02:29:33,L2,21,8665.27,1.28928,1.12733,0.0258,0.07851,0.62669,0.07881,0.0504,1.12415,4.0985,0.02687,0.0271639,0.00905463,0.0271639,1.28928,5.2495199999999995,,,,L2,0.0001,E:\Git-Repository\MyAI-Projects\RPi-Vesp-Training2-PT-GPU-WIN\training_logs\L2-YOLOV26-asianhornet2\weights\best.pt,E:\Git-Repository\MyAI-Projects\RPi-Vesp-Training2-PT-GPU-WIN\datasets\Detection-Asian-hornet.v2.yolo\data.yaml,4,"(512, 512)",YOLO26 baseline detect training Full
2026-03-25T02:29:33,L2,22,9068.82,1.30454,1.15161,0.02584,0.07026,0.58563,0.0612,0.04087,1.05627,4.14835,0.02468,0.0268838,0.00896127,0.0268838,1.30454,5.2293,,,,L2,0.0001,E:\Git-Repository\MyAI-Projects\RPi-Vesp-Training2-PT-GPU-WIN\training_logs\L2-YOLOV26-asianhornet2\weights\best.pt,E:\Git-Repository\MyAI-Projects\RPi-Vesp-Training2-PT-GPU-WIN\datasets\Detection-Asian-hornet.v2.yolo\data.yaml,4,"(512, 512)",YOLO26 baseline detect training Full
2026-03-25T02:29:33,L2,23,9470.41,1.26538,1.11831,0.02534,0.09345,0.66045,0.11225,0.07544,1.07501,3.93762,0.02534,0.0265921,0.00886404,0.0265921,1.26538,5.03797,,,,L2,0.0001,E:\Git-Repository\MyAI-Projects\RPi-Vesp-Training2-PT-GPU-WIN\training_logs\L2-YOLOV26-asianhornet2\weights\best.pt,E:\Git-Repository\MyAI-Projects\RPi-Vesp-Training2-PT-GPU-WIN\datasets\Detection-Asian-hornet.v2.yolo\data.yaml,4,"(512, 512)",YOLO26 baseline detect training Full
2026-03-25T02:29:33,L2,24,9876.51,1.25249,1.10769,0.02471,0.0756,0.64937,0.0878,0.05803,1.08396,3.9929,0.02563,0.0262891,0.00876305,0.0262891,1.25249,5.1024899999999995,,,,L2,0.0001,E:\Git-Repository\MyAI-Projects\RPi-Vesp-Training2-PT-GPU-WIN\training_logs\L2-YOLOV26-asianhornet2\weights\best.pt,E:\Git-Repository\MyAI-Projects\RPi-Vesp-Training2-PT-GPU-WIN\datasets\Detection-Asian-hornet.v2.yolo\data.yaml,4,"(512, 512)",YOLO26 baseline detect training Full
2026-03-25T02:29:33,L2,25,10281.9,1.26771,1.10898,0.02521,0.10272,0.69831,0.10366,0.0716,1.05583,4.03875,0.02512,0.0259752,0.00865839,0.0259752,1.26771,5.119700000000001,,,,L2,0.0001,E:\Git-Repository\MyAI-Projects\RPi-Vesp-Training2-PT-GPU-WIN\training_logs\L2-YOLOV26-asianhornet2\weights\best.pt,E:\Git-Repository\MyAI-Projects\RPi-Vesp-Training2-PT-GPU-WIN\datasets\Detection-Asian-hornet.v2.yolo\data.yaml,4,"(512, 512)",YOLO26 baseline detect training Full
2026-03-25T02:29:33,L2,26,10685.8,1.25527,1.07274,0.02472,0.09838,0.71952,0.09774,0.06789,1.02763,3.95886,0.02434,0.0256505,0.00855018,0.0256505,1.25527,5.0108299999999995,,,,L2,0.0001,E:\Git-Repository\MyAI-Projects\RPi-Vesp-Training2-PT-GPU-WIN\training_logs\L2-YOLOV26-asianhornet2\weights\best.pt,E:\Git-Repository\MyAI-Projects\RPi-Vesp-Training2-PT-GPU-WIN\datasets\Detection-Asian-hornet.v2.yolo\data.yaml,4,"(512, 512)",YOLO26 baseline detect training Full
2026-03-25T02:29:33,L2,27,11087.6,1.23406,1.06073,0.02429,0.09122,0.75645,0.11043,0.07823,1.05119,3.82519,0.02509,0.0253155,0.00843851,0.0253155,1.23406,4.90147,,,,L2,0.0001,E:\Git-Repository\MyAI-Projects\RPi-Vesp-Training2-PT-GPU-WIN\training_logs\L2-YOLOV26-asianhornet2\weights\best.pt,E:\Git-Repository\MyAI-Projects\RPi-Vesp-Training2-PT-GPU-WIN\datasets\Detection-Asian-hornet.v2.yolo\data.yaml,4,"(512, 512)",YOLO26 baseline detect training Full
2026-03-25T02:29:33,L2,28,11488.8,1.23808,1.06148,0.0244,0.09732,0.65648,0.11679,0.07822,1.01633,3.90336,0.02342,0.0249705,0.00832349,0.0249705,1.23808,4.94311,,,,L2,0.0001,E:\Git-Repository\MyAI-Projects\RPi-Vesp-Training2-PT-GPU-WIN\training_logs\L2-YOLOV26-asianhornet2\weights\best.pt,E:\Git-Repository\MyAI-Projects\RPi-Vesp-Training2-PT-GPU-WIN\datasets\Detection-Asian-hornet.v2.yolo\data.yaml,4,"(512, 512)",YOLO26 baseline detect training Full
2026-03-25T02:29:33,L2,29,11890.8,1.22857,1.04779,0.02405,0.12025,0.79161,0.12901,0.09081,1.01299,3.86149,0.02372,0.0246157,0.00820525,0.0246157,1.22857,4.8982,,,,L2,0.0001,E:\Git-Repository\MyAI-Projects\RPi-Vesp-Training2-PT-GPU-WIN\training_logs\L2-YOLOV26-asianhornet2\weights\best.pt,E:\Git-Repository\MyAI-Projects\RPi-Vesp-Training2-PT-GPU-WIN\datasets\Detection-Asian-hornet.v2.yolo\data.yaml,4,"(512, 512)",YOLO26 baseline detect training Full
2026-03-25T02:29:33,L2,30,12291.6,1.21876,1.03292,0.02402,0.08653,0.49004,0.07226,0.05243,0.98786,4.5012,0.02295,0.0242517,0.00808389,0.0242517,1.21876,5.51201,,,,L2,0.0001,E:\Git-Repository\MyAI-Projects\RPi-Vesp-Training2-PT-GPU-WIN\training_logs\L2-YOLOV26-asianhornet2\weights\best.pt,E:\Git-Repository\MyAI-Projects\RPi-Vesp-Training2-PT-GPU-WIN\datasets\Detection-Asian-hornet.v2.yolo\data.yaml,4,"(512, 512)",YOLO26 baseline detect training Full
2026-03-25T02:29:33,L2,31,12692.8,1.20832,1.01021,0.02389,0.10699,0.59132,0.11044,0.0791,1.00808,4.17986,0.02357,0.0238786,0.00795954,0.0238786,1.20832,5.21151,,,,L2,0.0001,E:\Git-Repository\MyAI-Projects\RPi-Vesp-Training2-PT-GPU-WIN\training_logs\L2-YOLOV26-asianhornet2\weights\best.pt,E:\Git-Repository\MyAI-Projects\RPi-Vesp-Training2-PT-GPU-WIN\datasets\Detection-Asian-hornet.v2.yolo\data.yaml,4,"(512, 512)",YOLO26 baseline detect training Full
2026-03-25T02:29:33,L2,32,13096.6,1.19921,0.99213,0.02372,0.07968,0.50637,0.07319,0.0501,0.98075,4.33005,0.02272,0.0234969,0.00783231,0.0234969,1.19921,5.33352,,,,L2,0.0001,E:\Git-Repository\MyAI-Projects\RPi-Vesp-Training2-PT-GPU-WIN\training_logs\L2-YOLOV26-asianhornet2\weights\best.pt,E:\Git-Repository\MyAI-Projects\RPi-Vesp-Training2-PT-GPU-WIN\datasets\Detection-Asian-hornet.v2.yolo\data.yaml,4,"(512, 512)",YOLO26 baseline detect training Full
2026-03-25T02:29:33,L2,33,13499.5,1.19973,0.97783,0.02369,0.07083,0.4269,0.07183,0.04878,0.99519,4.29848,0.02308,0.023107,0.00770234,0.023107,1.19973,5.31675,,,,L2,0.0001,E:\Git-Repository\MyAI-Projects\RPi-Vesp-Training2-PT-GPU-WIN\training_logs\L2-YOLOV26-asianhornet2\weights\best.pt,E:\Git-Repository\MyAI-Projects\RPi-Vesp-Training2-PT-GPU-WIN\datasets\Detection-Asian-hornet.v2.yolo\data.yaml,4,"(512, 512)",YOLO26 baseline detect training Full
2026-03-25T02:29:33,L2,34,13903.6,1.18348,0.97105,0.02325,0.09275,0.51173,0.0867,0.06037,0.98629,4.21715,0.023,0.0227093,0.00756976,0.0227093,1.18348,5.22644,,,,L2,0.0001,E:\Git-Repository\MyAI-Projects\RPi-Vesp-Training2-PT-GPU-WIN\training_logs\L2-YOLOV26-asianhornet2\weights\best.pt,E:\Git-Repository\MyAI-Projects\RPi-Vesp-Training2-PT-GPU-WIN\datasets\Detection-Asian-hornet.v2.yolo\data.yaml,4,"(512, 512)",YOLO26 baseline detect training Full
2026-03-25T02:29:33,L2,35,14307.9,1.17848,0.9873,0.02292,0.08014,0.60679,0.09895,0.0695,0.9781,4.03231,0.02288,0.022304,0.00743468,0.022304,1.17848,5.03329,,,,L2,0.0001,E:\Git-Repository\MyAI-Projects\RPi-Vesp-Training2-PT-GPU-WIN\training_logs\L2-YOLOV26-asianhornet2\weights\best.pt,E:\Git-Repository\MyAI-Projects\RPi-Vesp-Training2-PT-GPU-WIN\datasets\Detection-Asian-hornet.v2.yolo\data.yaml,4,"(512, 512)",YOLO26 baseline detect training Full
2026-03-25T02:29:33,L2,36,14709.2,1.16212,0.93682,0.0228,0.07566,0.39377,0.06659,0.04658,0.97949,4.51858,0.02277,0.0218918,0.00729725,0.0218918,1.16212,5.520840000000001,,,,L2,0.0001,E:\Git-Repository\MyAI-Projects\RPi-Vesp-Training2-PT-GPU-WIN\training_logs\L2-YOLOV26-asianhornet2\weights\best.pt,E:\Git-Repository\MyAI-Projects\RPi-Vesp-Training2-PT-GPU-WIN\datasets\Detection-Asian-hornet.v2.yolo\data.yaml,4,"(512, 512)",YOLO26 baseline detect training Full
2026-03-25T02:29:33,L2,37,15110.5,1.16463,0.93235,0.02295,0.09153,0.61499,0.09938,0.07123,0.97549,4.13225,0.02255,0.0214728,0.00715761,0.0214728,1.16463,5.13029,,,,L2,0.0001,E:\Git-Repository\MyAI-Projects\RPi-Vesp-Training2-PT-GPU-WIN\training_logs\L2-YOLOV26-asianhornet2\weights\best.pt,E:\Git-Repository\MyAI-Projects\RPi-Vesp-Training2-PT-GPU-WIN\datasets\Detection-Asian-hornet.v2.yolo\data.yaml,4,"(512, 512)",YOLO26 baseline detect training Full
2026-03-25T02:29:33,L2,38,15511.6,1.14128,0.93391,0.02235,0.11723,0.54965,0.10471,0.07568,0.96044,4.23493,0.02174,0.0210476,0.00701588,0.0210476,1.14128,5.217110000000001,,,,L2,0.0001,E:\Git-Repository\MyAI-Projects\RPi-Vesp-Training2-PT-GPU-WIN\training_logs\L2-YOLOV26-asianhornet2\weights\best.pt,E:\Git-Repository\MyAI-Projects\RPi-Vesp-Training2-PT-GPU-WIN\datasets\Detection-Asian-hornet.v2.yolo\data.yaml,4,"(512, 512)",YOLO26 baseline detect training Full
2026-03-25T02:29:33,L2,39,15913.9,1.14578,0.90789,0.02232,0.09302,0.47926,0.08201,0.05774,0.97021,4.43361,0.0222,0.0206166,0.00687222,0.0206166,1.14578,5.426019999999999,,,,L2,0.0001,E:\Git-Repository\MyAI-Projects\RPi-Vesp-Training2-PT-GPU-WIN\training_logs\L2-YOLOV26-asianhornet2\weights\best.pt,E:\Git-Repository\MyAI-Projects\RPi-Vesp-Training2-PT-GPU-WIN\datasets\Detection-Asian-hornet.v2.yolo\data.yaml,4,"(512, 512)",YOLO26 baseline detect training Full
2026-03-25T02:29:33,L2,40,16316.4,1.13543,0.91375,0.02196,0.08009,0.42274,0.07658,0.05467,0.93881,4.5153,0.02172,0.0201803,0.00672675,0.0201803,1.13543,5.47583,,,,L2,0.0001,E:\Git-Repository\MyAI-Projects\RPi-Vesp-Training2-PT-GPU-WIN\training_logs\L2-YOLOV26-asianhornet2\weights\best.pt,E:\Git-Repository\MyAI-Projects\RPi-Vesp-Training2-PT-GPU-WIN\datasets\Detection-Asian-hornet.v2.yolo\data.yaml,4,"(512, 512)",YOLO26 baseline detect training Full
2026-03-25T02:29:33,L2,41,16722.0,1.111,0.88406,0.02152,0.07998,0.3637,0.07224,0.05056,0.93724,4.61763,0.0217,0.0197389,0.00657963,0.0197389,1.111,5.57657,,,,L2,0.0001,E:\Git-Repository\MyAI-Projects\RPi-Vesp-Training2-PT-GPU-WIN\training_logs\L2-YOLOV26-asianhornet2\weights\best.pt,E:\Git-Repository\MyAI-Projects\RPi-Vesp-Training2-PT-GPU-WIN\datasets\Detection-Asian-hornet.v2.yolo\data.yaml,4,"(512, 512)",YOLO26 baseline detect training Full
2026-03-25T02:29:33,L2,42,17124.4,1.1096,0.8872,0.02141,0.11838,0.51789,0.10316,0.07726,0.91631,4.44098,0.02089,0.019293,0.00643101,0.019293,1.1096,5.3781799999999995,,,,L2,0.0001,E:\Git-Repository\MyAI-Projects\RPi-Vesp-Training2-PT-GPU-WIN\training_logs\L2-YOLOV26-asianhornet2\weights\best.pt,E:\Git-Repository\MyAI-Projects\RPi-Vesp-Training2-PT-GPU-WIN\datasets\Detection-Asian-hornet.v2.yolo\data.yaml,4,"(512, 512)",YOLO26 baseline detect training Full
2026-03-25T02:29:33,L2,43,17526.4,1.10533,0.84231,0.02151,0.10335,0.47978,0.0917,0.0664,0.92323,4.44517,0.02111,0.018843,0.00628101,0.018843,1.10533,5.3895100000000005,,,,L2,0.0001,E:\Git-Repository\MyAI-Projects\RPi-Vesp-Training2-PT-GPU-WIN\training_logs\L2-YOLOV26-asianhornet2\weights\best.pt,E:\Git-Repository\MyAI-Projects\RPi-Vesp-Training2-PT-GPU-WIN\datasets\Detection-Asian-hornet.v2.yolo\data.yaml,4,"(512, 512)",YOLO26 baseline detect training Full
2026-03-25T02:29:33,L2,44,17927.9,1.09207,0.87822,0.02149,0.08808,0.42021,0.06759,0.04825,0.90092,4.66456,0.02036,0.0183894,0.00612981,0.0183894,1.09207,5.58584,,,,L2,0.0001,E:\Git-Repository\MyAI-Projects\RPi-Vesp-Training2-PT-GPU-WIN\training_logs\L2-YOLOV26-asianhornet2\weights\best.pt,E:\Git-Repository\MyAI-Projects\RPi-Vesp-Training2-PT-GPU-WIN\datasets\Detection-Asian-hornet.v2.yolo\data.yaml,4,"(512, 512)",YOLO26 baseline detect training Full
2026-03-25T02:29:33,L2,45,18330.7,1.09114,0.85734,0.02109,0.08555,0.45912,0.07074,0.05077,0.91782,4.73077,0.02104,0.0179326,0.00597754,0.0179326,1.09114,5.66963,,,,L2,0.0001,E:\Git-Repository\MyAI-Projects\RPi-Vesp-Training2-PT-GPU-WIN\training_logs\L2-YOLOV26-asianhornet2\weights\best.pt,E:\Git-Repository\MyAI-Projects\RPi-Vesp-Training2-PT-GPU-WIN\datasets\Detection-Asian-hornet.v2.yolo\data.yaml,4,"(512, 512)",YOLO26 baseline detect training Full
2026-03-25T02:29:33,L2,46,18733.0,1.09191,0.843,0.02112,0.08929,0.39698,0.07346,0.0508,0.92562,4.59514,0.02085,0.0174731,0.00582435,0.0174731,1.09191,5.54161,,,,L2,0.0001,E:\Git-Repository\MyAI-Projects\RPi-Vesp-Training2-PT-GPU-WIN\training_logs\L2-YOLOV26-asianhornet2\weights\best.pt,E:\Git-Repository\MyAI-Projects\RPi-Vesp-Training2-PT-GPU-WIN\datasets\Detection-Asian-hornet.v2.yolo\data.yaml,4,"(512, 512)",YOLO26 baseline detect training Full
2026-03-25T02:29:33,L2,47,19134.4,1.07183,0.84657,0.02074,0.09362,0.39077,0.07312,0.05138,0.93393,4.69738,0.02114,0.0170112,0.0056704,0.0170112,1.07183,5.65245,,,,L2,0.0001,E:\Git-Repository\MyAI-Projects\RPi-Vesp-Training2-PT-GPU-WIN\training_logs\L2-YOLOV26-asianhornet2\weights\best.pt,E:\Git-Repository\MyAI-Projects\RPi-Vesp-Training2-PT-GPU-WIN\datasets\Detection-Asian-hornet.v2.yolo\data.yaml,4,"(512, 512)",YOLO26 baseline detect training Full
2026-03-25T02:29:33,L2,48,19537.3,1.06668,0.83074,0.02069,0.09462,0.35919,0.08619,0.06166,0.90029,4.69421,0.02008,0.0165475,0.00551584,0.0165475,1.06668,5.61458,,,,L2,0.0001,E:\Git-Repository\MyAI-Projects\RPi-Vesp-Training2-PT-GPU-WIN\training_logs\L2-YOLOV26-asianhornet2\weights\best.pt,E:\Git-Repository\MyAI-Projects\RPi-Vesp-Training2-PT-GPU-WIN\datasets\Detection-Asian-hornet.v2.yolo\data.yaml,4,"(512, 512)",YOLO26 baseline detect training Full
2026-03-25T02:29:33,L2,49,19939.6,1.05738,0.81714,0.02034,0.07995,0.33072,0.06978,0.04907,0.90943,4.82412,0.02037,0.0160824,0.00536081,0.0160824,1.05738,5.753919999999999,,,,L2,0.0001,E:\Git-Repository\MyAI-Projects\RPi-Vesp-Training2-PT-GPU-WIN\training_logs\L2-YOLOV26-asianhornet2\weights\best.pt,E:\Git-Repository\MyAI-Projects\RPi-Vesp-Training2-PT-GPU-WIN\datasets\Detection-Asian-hornet.v2.yolo\data.yaml,4,"(512, 512)",YOLO26 baseline detect training Full
2026-03-25T02:29:33,L2,50,20342.1,1.05402,0.80726,0.02,0.06564,0.31782,0.05691,0.03975,0.88792,4.99182,0.01972,0.0156164,0.00520548,0.0156164,1.05402,5.89946,,,,L2,0.0001,E:\Git-Repository\MyAI-Projects\RPi-Vesp-Training2-PT-GPU-WIN\training_logs\L2-YOLOV26-asianhornet2\weights\best.pt,E:\Git-Repository\MyAI-Projects\RPi-Vesp-Training2-PT-GPU-WIN\datasets\Detection-Asian-hornet.v2.yolo\data.yaml,4,"(512, 512)",YOLO26 baseline detect training Full
2026-03-25T02:29:33,L2,51,20745.4,1.05007,0.77959,0.0201,0.08891,0.35249,0.07792,0.05637,0.89057,4.75143,0.01994,0.01515,0.00505,0.01515,1.05007,5.66194,,,,L2,0.0001,E:\Git-Repository\MyAI-Projects\RPi-Vesp-Training2-PT-GPU-WIN\training_logs\L2-YOLOV26-asianhornet2\weights\best.pt,E:\Git-Repository\MyAI-Projects\RPi-Vesp-Training2-PT-GPU-WIN\datasets\Detection-Asian-hornet.v2.yolo\data.yaml,4,"(512, 512)",YOLO26 baseline detect training Full
2026-03-25T02:29:33,L2,52,21148.6,1.02706,0.77729,0.01985,0.06446,0.30216,0.05582,0.03962,0.86792,4.91261,0.01924,0.0146836,0.00489452,0.0146836,1.02706,5.79977,,,,L2,0.0001,E:\Git-Repository\MyAI-Projects\RPi-Vesp-Training2-PT-GPU-WIN\training_logs\L2-YOLOV26-asianhornet2\weights\best.pt,E:\Git-Repository\MyAI-Projects\RPi-Vesp-Training2-PT-GPU-WIN\datasets\Detection-Asian-hornet.v2.yolo\data.yaml,4,"(512, 512)",YOLO26 baseline detect training Full
2026-03-25T02:29:33,L2,53,21550.4,1.02467,0.77375,0.01976,0.07272,0.32547,0.05617,0.04153,0.84796,4.81426,0.01839,0.0142176,0.00473919,0.0142176,1.02467,5.68061,,,,L2,0.0001,E:\Git-Repository\MyAI-Projects\RPi-Vesp-Training2-PT-GPU-WIN\training_logs\L2-YOLOV26-asianhornet2\weights\best.pt,E:\Git-Repository\MyAI-Projects\RPi-Vesp-Training2-PT-GPU-WIN\datasets\Detection-Asian-hornet.v2.yolo\data.yaml,4,"(512, 512)",YOLO26 baseline detect training Full
2026-03-25T02:29:33,L2,54,21952.7,1.00743,0.75973,0.01957,0.08731,0.35557,0.06737,0.0496,0.87297,4.72324,0.01935,0.0137525,0.00458416,0.0137525,1.00743,5.615559999999999,,,,L2,0.0001,E:\Git-Repository\MyAI-Projects\RPi-Vesp-Training2-PT-GPU-WIN\training_logs\L2-YOLOV26-asianhornet2\weights\best.pt,E:\Git-Repository\MyAI-Projects\RPi-Vesp-Training2-PT-GPU-WIN\datasets\Detection-Asian-hornet.v2.yolo\data.yaml,4,"(512, 512)",YOLO26 baseline detect training Full
2026-03-25T02:29:33,L2,55,22354.4,1.01249,0.76634,0.01914,0.07968,0.25249,0.05906,0.04194,0.87549,5.10113,0.0193,0.0132888,0.0044296,0.0132888,1.01249,5.995920000000001,,,,L2,0.0001,E:\Git-Repository\MyAI-Projects\RPi-Vesp-Training2-PT-GPU-WIN\training_logs\L2-YOLOV26-asianhornet2\weights\best.pt,E:\Git-Repository\MyAI-Projects\RPi-Vesp-Training2-PT-GPU-WIN\datasets\Detection-Asian-hornet.v2.yolo\data.yaml,4,"(512, 512)",YOLO26 baseline detect training Full
2026-03-25T02:29:33,L2,56,22755.8,0.98963,0.76069,0.01901,0.07629,0.28026,0.05404,0.03796,0.86909,4.94182,0.01909,0.0128269,0.00427565,0.0128269,0.98963,5.83,,,,L2,0.0001,E:\Git-Repository\MyAI-Projects\RPi-Vesp-Training2-PT-GPU-WIN\training_logs\L2-YOLOV26-asianhornet2\weights\best.pt,E:\Git-Repository\MyAI-Projects\RPi-Vesp-Training2-PT-GPU-WIN\datasets\Detection-Asian-hornet.v2.yolo\data.yaml,4,"(512, 512)",YOLO26 baseline detect training Full
2026-03-25T02:29:33,L2,57,23157.3,0.99336,0.74788,0.01899,0.07528,0.32927,0.06027,0.04299,0.87787,4.95194,0.01937,0.0123674,0.00412246,0.0123674,0.99336,5.84918,,,,L2,0.0001,E:\Git-Repository\MyAI-Projects\RPi-Vesp-Training2-PT-GPU-WIN\training_logs\L2-YOLOV26-asianhornet2\weights\best.pt,E:\Git-Repository\MyAI-Projects\RPi-Vesp-Training2-PT-GPU-WIN\datasets\Detection-Asian-hornet.v2.yolo\data.yaml,4,"(512, 512)",YOLO26 baseline detect training Full
2026-03-25T02:29:33,L2,58,23559.0,0.98549,0.72722,0.01889,0.09088,0.3469,0.07123,0.05052,0.88399,4.96697,0.01965,0.0119106,0.00397019,0.0119106,0.98549,5.87061,,,,L2,0.0001,E:\Git-Repository\MyAI-Projects\RPi-Vesp-Training2-PT-GPU-WIN\training_logs\L2-YOLOV26-asianhornet2\weights\best.pt,E:\Git-Repository\MyAI-Projects\RPi-Vesp-Training2-PT-GPU-WIN\datasets\Detection-Asian-hornet.v2.yolo\data.yaml,4,"(512, 512)",YOLO26 baseline detect training Full
2026-03-25T02:29:33,L2,59,23961.0,0.97975,0.73964,0.01882,0.09152,0.35743,0.07258,0.05302,0.86248,4.86886,0.01907,0.011457,0.00381899,0.011457,0.97975,5.75041,,,,L2,0.0001,E:\Git-Repository\MyAI-Projects\RPi-Vesp-Training2-PT-GPU-WIN\training_logs\L2-YOLOV26-asianhornet2\weights\best.pt,E:\Git-Repository\MyAI-Projects\RPi-Vesp-Training2-PT-GPU-WIN\datasets\Detection-Asian-hornet.v2.yolo\data.yaml,4,"(512, 512)",YOLO26 baseline detect training Full
2026-03-25T02:29:33,L2,60,24363.0,0.97239,0.71416,0.01864,0.07797,0.29536,0.06488,0.04554,0.86411,5.15932,0.01924,0.011007,0.00366899,0.011007,0.97239,6.04267,,,,L2,0.0001,E:\Git-Repository\MyAI-Projects\RPi-Vesp-Training2-PT-GPU-WIN\training_logs\L2-YOLOV26-asianhornet2\weights\best.pt,E:\Git-Repository\MyAI-Projects\RPi-Vesp-Training2-PT-GPU-WIN\datasets\Detection-Asian-hornet.v2.yolo\data.yaml,4,"(512, 512)",YOLO26 baseline detect training Full
2026-03-25T02:29:33,L2,61,24766.3,0.94752,0.70653,0.01804,0.08431,0.27801,0.06184,0.04364,0.85227,5.17901,0.01893,0.0105611,0.00352037,0.0105611,0.94752,6.05021,,,,L2,0.0001,E:\Git-Repository\MyAI-Projects\RPi-Vesp-Training2-PT-GPU-WIN\training_logs\L2-YOLOV26-asianhornet2\weights\best.pt,E:\Git-Repository\MyAI-Projects\RPi-Vesp-Training2-PT-GPU-WIN\datasets\Detection-Asian-hornet.v2.yolo\data.yaml,4,"(512, 512)",YOLO26 baseline detect training Full
2026-03-25T02:29:33,L2,62,25168.3,0.94608,0.71348,0.01796,0.06726,0.24524,0.05219,0.03575,0.86205,5.25418,0.01911,0.0101197,0.00337325,0.0101197,0.94608,6.13534,,,,L2,0.0001,E:\Git-Repository\MyAI-Projects\RPi-Vesp-Training2-PT-GPU-WIN\training_logs\L2-YOLOV26-asianhornet2\weights\best.pt,E:\Git-Repository\MyAI-Projects\RPi-Vesp-Training2-PT-GPU-WIN\datasets\Detection-Asian-hornet.v2.yolo\data.yaml,4,"(512, 512)",YOLO26 baseline detect training Full
2026-03-25T02:29:33,L2,63,25569.9,0.94511,0.69634,0.01791,0.07093,0.22939,0.04915,0.03452,0.87247,5.24171,0.01935,0.00968335,0.00322778,0.00968335,0.94511,6.13353,,,,L2,0.0001,E:\Git-Repository\MyAI-Projects\RPi-Vesp-Training2-PT-GPU-WIN\training_logs\L2-YOLOV26-asianhornet2\weights\best.pt,E:\Git-Repository\MyAI-Projects\RPi-Vesp-Training2-PT-GPU-WIN\datasets\Detection-Asian-hornet.v2.yolo\data.yaml,4,"(512, 512)",YOLO26 baseline detect training Full
2026-03-25T08:39:49,L1,1,155.105,1.4186,7.91429,0.03875,0.03737,0.10859,0.0396,0.01937,1.57308,3.48572,0.04095,0.000415693,0.000415693,0.000415693,1.4186,5.099749999999999,,,,L1,0.0001,E:\Git-Repository\MyAI-Projects\RPi-Vesp-Training2-PT-GPU-WIN\training_logs\L1-YOLOV26-asianhornet2\weights\best.pt,E:\Git-Repository\MyAI-Projects\RPi-Vesp-Training2-PT-GPU-WIN\datasets\Detection-Asian-hornet.v2.yolo\data.yaml,16,"(512, 512)",YOLO26 baseline detect training Smoke test
2026-03-25T08:48:45,L1,1,130.817,1.4186,7.91429,0.03875,0.03737,0.10859,0.0396,0.01937,1.57308,3.48572,0.04095,0.000415693,0.000415693,0.000415693,1.4186,5.099749999999999,,,,L1,0.0001,E:\Git-Repository\MyAI-Projects\RPi-Vesp-Training2-PT-GPU-WIN\training_logs\L1-YOLOV26-asianhornet2\weights\best.pt,E:\Git-Repository\MyAI-Projects\RPi-Vesp-Training2-PT-GPU-WIN\datasets\Detection-Asian-hornet.v2.yolo\data.yaml,16,"(512, 512)",YOLO26 baseline detect training Smoke test
2026-03-25T11:06:38,L2,1,221.097,1.34751,1.27872,0.03592,0.04829,0.64641,0.05618,0.03291,1.40472,4.08079,0.03482,0.00997664,0.00332555,0.00997664,1.34751,5.52033,,,,L2,0.0001,E:\Git-Repository\MyAI-Projects\RPi-Vesp-Training2-PT-GPU-WIN\training_logs\L2-YOLOV26-asianhornet2\weights\best.pt,E:\Git-Repository\MyAI-Projects\RPi-Vesp-Training2-PT-GPU-WIN\datasets\Detection-Asian-hornet.v2.yolo\data.yaml,16,"(512, 512)",YOLO26 baseline detect training Full
2026-03-25T11:06:38,L2,2,387.25,1.35662,1.0847,0.03578,0.05359,0.77391,0.08943,0.05091,1.36122,3.47756,0.03344,0.0199718,0.00665725,0.0199718,1.35662,4.8722199999999996,,,,L2,0.0001,E:\Git-Repository\MyAI-Projects\RPi-Vesp-Training2-PT-GPU-WIN\training_logs\L2-YOLOV26-asianhornet2\weights\best.pt,E:\Git-Repository\MyAI-Projects\RPi-Vesp-Training2-PT-GPU-WIN\datasets\Detection-Asian-hornet.v2.yolo\data.yaml,16,"(512, 512)",YOLO26 baseline detect training Full
2026-03-25T11:06:38,L2,3,536.68,1.49098,1.15537,0.04057,0.0626,0.17724,0.06203,0.02989,1.78238,3.5518,0.04742,0.0299474,0.00998245,0.0299474,1.49098,5.3816,,,,L2,0.0001,E:\Git-Repository\MyAI-Projects\RPi-Vesp-Training2-PT-GPU-WIN\training_logs\L2-YOLOV26-asianhornet2\weights\best.pt,E:\Git-Repository\MyAI-Projects\RPi-Vesp-Training2-PT-GPU-WIN\datasets\Detection-Asian-hornet.v2.yolo\data.yaml,16,"(512, 512)",YOLO26 baseline detect training Full
2026-03-25T11:06:38,L2,4,679.104,1.63222,1.37428,0.04482,0.04055,0.83492,0.08933,0.04662,1.59227,3.38735,0.0414,0.0299341,0.00997803,0.0299341,1.63222,5.021020000000001,,,,L2,0.0001,E:\Git-Repository\MyAI-Projects\RPi-Vesp-Training2-PT-GPU-WIN\training_logs\L2-YOLOV26-asianhornet2\weights\best.pt,E:\Git-Repository\MyAI-Projects\RPi-Vesp-Training2-PT-GPU-WIN\datasets\Detection-Asian-hornet.v2.yolo\data.yaml,16,"(512, 512)",YOLO26 baseline detect training Full
2026-03-25T11:06:38,L2,5,821.548,1.56416,1.2575,0.04296,0.03684,0.69018,0.06549,0.03297,1.60996,3.66536,0.0406,0.0298829,0.00996097,0.0298829,1.56416,5.315920000000001,,,,L2,0.0001,E:\Git-Repository\MyAI-Projects\RPi-Vesp-Training2-PT-GPU-WIN\training_logs\L2-YOLOV26-asianhornet2\weights\best.pt,E:\Git-Repository\MyAI-Projects\RPi-Vesp-Training2-PT-GPU-WIN\datasets\Detection-Asian-hornet.v2.yolo\data.yaml,16,"(512, 512)",YOLO26 baseline detect training Full
2026-03-25T11:06:38,L2,6,964.49,1.51839,1.09816,0.04085,0.16221,0.28885,0.17624,0.08995,1.55605,3.27945,0.0396,0.0298172,0.00993906,0.0298172,1.51839,4.8751,,,,L2,0.0001,E:\Git-Repository\MyAI-Projects\RPi-Vesp-Training2-PT-GPU-WIN\training_logs\L2-YOLOV26-asianhornet2\weights\best.pt,E:\Git-Repository\MyAI-Projects\RPi-Vesp-Training2-PT-GPU-WIN\datasets\Detection-Asian-hornet.v2.yolo\data.yaml,16,"(512, 512)",YOLO26 baseline detect training Full
2026-03-25T11:06:38,L2,7,1106.68,1.48228,1.03117,0.03999,0.07856,0.17795,0.0937,0.04806,1.59753,3.3586,0.04061,0.029737,0.00991232,0.029737,1.48228,4.99674,,,,L2,0.0001,E:\Git-Repository\MyAI-Projects\RPi-Vesp-Training2-PT-GPU-WIN\training_logs\L2-YOLOV26-asianhornet2\weights\best.pt,E:\Git-Repository\MyAI-Projects\RPi-Vesp-Training2-PT-GPU-WIN\datasets\Detection-Asian-hornet.v2.yolo\data.yaml,16,"(512, 512)",YOLO26 baseline detect training Full
2026-03-25T11:06:38,L2,8,1248.08,1.46058,0.95064,0.03888,0.12815,0.41489,0.10992,0.05959,1.53648,3.2305,0.0389,0.0296424,0.00988079,0.0296424,1.46058,4.80588,,,,L2,0.0001,E:\Git-Repository\MyAI-Projects\RPi-Vesp-Training2-PT-GPU-WIN\training_logs\L2-YOLOV26-asianhornet2\weights\best.pt,E:\Git-Repository\MyAI-Projects\RPi-Vesp-Training2-PT-GPU-WIN\datasets\Detection-Asian-hornet.v2.yolo\data.yaml,16,"(512, 512)",YOLO26 baseline detect training Full
2026-03-25T11:06:38,L2,9,1389.23,1.41589,0.91591,0.0373,0.06631,0.79236,0.10439,0.0571,1.44572,3.49443,0.03614,0.0295335,0.00984449,0.0295335,1.41589,4.97629,,,,L2,0.0001,E:\Git-Repository\MyAI-Projects\RPi-Vesp-Training2-PT-GPU-WIN\training_logs\L2-YOLOV26-asianhornet2\weights\best.pt,E:\Git-Repository\MyAI-Projects\RPi-Vesp-Training2-PT-GPU-WIN\datasets\Detection-Asian-hornet.v2.yolo\data.yaml,16,"(512, 512)",YOLO26 baseline detect training Full
2026-03-25T11:06:38,L2,10,1531.59,1.39919,0.87467,0.03676,0.05977,0.65581,0.09259,0.05325,1.42904,3.56023,0.03489,0.0294104,0.00980345,0.0294104,1.39919,5.024159999999999,,,,L2,0.0001,E:\Git-Repository\MyAI-Projects\RPi-Vesp-Training2-PT-GPU-WIN\training_logs\L2-YOLOV26-asianhornet2\weights\best.pt,E:\Git-Repository\MyAI-Projects\RPi-Vesp-Training2-PT-GPU-WIN\datasets\Detection-Asian-hornet.v2.yolo\data.yaml,16,"(512, 512)",YOLO26 baseline detect training Full
2026-03-25T11:06:38,L2,11,1672.97,1.35515,0.85435,0.03539,0.08966,0.79429,0.11597,0.07018,1.31372,3.53095,0.03172,0.0292732,0.00975773,0.0292732,1.35515,4.87639,,,,L2,0.0001,E:\Git-Repository\MyAI-Projects\RPi-Vesp-Training2-PT-GPU-WIN\training_logs\L2-YOLOV26-asianhornet2\weights\best.pt,E:\Git-Repository\MyAI-Projects\RPi-Vesp-Training2-PT-GPU-WIN\datasets\Detection-Asian-hornet.v2.yolo\data.yaml,16,"(512, 512)",YOLO26 baseline detect training Full
2026-03-25T11:06:38,L2,12,1814.11,1.33392,0.79338,0.03466,0.06837,0.71254,0.08828,0.05239,1.30565,3.72804,0.03187,0.0291221,0.00970736,0.0291221,1.33392,5.06556,,,,L2,0.0001,E:\Git-Repository\MyAI-Projects\RPi-Vesp-Training2-PT-GPU-WIN\training_logs\L2-YOLOV26-asianhornet2\weights\best.pt,E:\Git-Repository\MyAI-Projects\RPi-Vesp-Training2-PT-GPU-WIN\datasets\Detection-Asian-hornet.v2.yolo\data.yaml,16,"(512, 512)",YOLO26 baseline detect training Full
2026-03-25T11:06:38,L2,13,1956.51,1.3069,0.78757,0.03407,0.07279,0.67583,0.10206,0.05777,1.37123,3.88737,0.03334,0.0289572,0.00965239,0.0289572,1.3069,5.29194,,,,L2,0.0001,E:\Git-Repository\MyAI-Projects\RPi-Vesp-Training2-PT-GPU-WIN\training_logs\L2-YOLOV26-asianhornet2\weights\best.pt,E:\Git-Repository\MyAI-Projects\RPi-Vesp-Training2-PT-GPU-WIN\datasets\Detection-Asian-hornet.v2.yolo\data.yaml,16,"(512, 512)",YOLO26 baseline detect training Full
2026-03-25T11:06:38,L2,14,2099.23,1.30069,0.75786,0.03372,0.07184,0.75627,0.08741,0.05218,1.34588,3.75568,0.03336,0.0287787,0.00959289,0.0287787,1.30069,5.13492,,,,L2,0.0001,E:\Git-Repository\MyAI-Projects\RPi-Vesp-Training2-PT-GPU-WIN\training_logs\L2-YOLOV26-asianhornet2\weights\best.pt,E:\Git-Repository\MyAI-Projects\RPi-Vesp-Training2-PT-GPU-WIN\datasets\Detection-Asian-hornet.v2.yolo\data.yaml,16,"(512, 512)",YOLO26 baseline detect training Full
2026-03-25T11:06:38,L2,15,2240.58,1.27599,0.70986,0.03276,0.07733,0.65312,0.07907,0.04961,1.2168,3.97574,0.02877,0.0285867,0.00952889,0.0285867,1.27599,5.22131,,,,L2,0.0001,E:\Git-Repository\MyAI-Projects\RPi-Vesp-Training2-PT-GPU-WIN\training_logs\L2-YOLOV26-asianhornet2\weights\best.pt,E:\Git-Repository\MyAI-Projects\RPi-Vesp-Training2-PT-GPU-WIN\datasets\Detection-Asian-hornet.v2.yolo\data.yaml,16,"(512, 512)",YOLO26 baseline detect training Full
2026-03-25T11:06:38,L2,16,2382.91,1.25465,0.72175,0.0321,0.06911,0.78546,0.09205,0.05622,1.25627,3.45924,0.02967,0.0283814,0.00946048,0.0283814,1.25465,4.74518,,,,L2,0.0001,E:\Git-Repository\MyAI-Projects\RPi-Vesp-Training2-PT-GPU-WIN\training_logs\L2-YOLOV26-asianhornet2\weights\best.pt,E:\Git-Repository\MyAI-Projects\RPi-Vesp-Training2-PT-GPU-WIN\datasets\Detection-Asian-hornet.v2.yolo\data.yaml,16,"(512, 512)",YOLO26 baseline detect training Full
2026-03-25T11:06:38,L2,17,2525.51,1.23805,0.67075,0.03182,0.04998,0.57942,0.06197,0.03668,1.2439,4.2675,0.02943,0.0281632,0.00938772,0.0281632,1.23805,5.54083,,,,L2,0.0001,E:\Git-Repository\MyAI-Projects\RPi-Vesp-Training2-PT-GPU-WIN\training_logs\L2-YOLOV26-asianhornet2\weights\best.pt,E:\Git-Repository\MyAI-Projects\RPi-Vesp-Training2-PT-GPU-WIN\datasets\Detection-Asian-hornet.v2.yolo\data.yaml,16,"(512, 512)",YOLO26 baseline detect training Full
2026-03-25T11:06:38,L2,18,2667.43,1.22521,0.66698,0.03105,0.08557,0.63088,0.08692,0.05467,1.21373,3.99296,0.02838,0.027932,0.00931067,0.027932,1.22521,5.23507,,,,L2,0.0001,E:\Git-Repository\MyAI-Projects\RPi-Vesp-Training2-PT-GPU-WIN\training_logs\L2-YOLOV26-asianhornet2\weights\best.pt,E:\Git-Repository\MyAI-Projects\RPi-Vesp-Training2-PT-GPU-WIN\datasets\Detection-Asian-hornet.v2.yolo\data.yaml,16,"(512, 512)",YOLO26 baseline detect training Full
2026-03-25T11:06:38,L2,19,2808.29,1.21019,0.6439,0.03039,0.06039,0.52839,0.06862,0.04173,1.19199,4.08522,0.0274,0.0276883,0.00922942,0.0276883,1.21019,5.30461,,,,L2,0.0001,E:\Git-Repository\MyAI-Projects\RPi-Vesp-Training2-PT-GPU-WIN\training_logs\L2-YOLOV26-asianhornet2\weights\best.pt,E:\Git-Repository\MyAI-Projects\RPi-Vesp-Training2-PT-GPU-WIN\datasets\Detection-Asian-hornet.v2.yolo\data.yaml,16,"(512, 512)",YOLO26 baseline detect training Full
2026-03-25T11:06:38,L2,20,2950.56,1.19069,0.61963,0.02989,0.12894,0.61577,0.12285,0.08039,1.19201,4.0675,0.02774,0.0274321,0.00914405,0.0274321,1.19069,5.287249999999999,,,,L2,0.0001,E:\Git-Repository\MyAI-Projects\RPi-Vesp-Training2-PT-GPU-WIN\training_logs\L2-YOLOV26-asianhornet2\weights\best.pt,E:\Git-Repository\MyAI-Projects\RPi-Vesp-Training2-PT-GPU-WIN\datasets\Detection-Asian-hornet.v2.yolo\data.yaml,16,"(512, 512)",YOLO26 baseline detect training Full
2026-03-25T11:06:38,L2,21,3091.8,1.19116,0.61157,0.02992,0.08485,0.71479,0.09583,0.06099,1.21942,3.86913,0.02861,0.0271639,0.00905463,0.0271639,1.19116,5.117159999999999,,,,L2,0.0001,E:\Git-Repository\MyAI-Projects\RPi-Vesp-Training2-PT-GPU-WIN\training_logs\L2-YOLOV26-asianhornet2\weights\best.pt,E:\Git-Repository\MyAI-Projects\RPi-Vesp-Training2-PT-GPU-WIN\datasets\Detection-Asian-hornet.v2.yolo\data.yaml,16,"(512, 512)",YOLO26 baseline detect training Full
2026-03-25T11:06:38,L2,22,3232.98,1.1611,0.58736,0.02911,0.08033,0.58297,0.08853,0.05736,1.15227,4.34481,0.02676,0.0268838,0.00896127,0.0268838,1.1611,5.52384,,,,L2,0.0001,E:\Git-Repository\MyAI-Projects\RPi-Vesp-Training2-PT-GPU-WIN\training_logs\L2-YOLOV26-asianhornet2\weights\best.pt,E:\Git-Repository\MyAI-Projects\RPi-Vesp-Training2-PT-GPU-WIN\datasets\Detection-Asian-hornet.v2.yolo\data.yaml,16,"(512, 512)",YOLO26 baseline detect training Full
2026-03-25T11:06:38,L2,23,3373.59,1.14393,0.59208,0.02834,0.05059,0.51409,0.06392,0.03778,1.21121,4.24414,0.0282,0.0265921,0.00886404,0.0265921,1.14393,5.483549999999999,,,,L2,0.0001,E:\Git-Repository\MyAI-Projects\RPi-Vesp-Training2-PT-GPU-WIN\training_logs\L2-YOLOV26-asianhornet2\weights\best.pt,E:\Git-Repository\MyAI-Projects\RPi-Vesp-Training2-PT-GPU-WIN\datasets\Detection-Asian-hornet.v2.yolo\data.yaml,16,"(512, 512)",YOLO26 baseline detect training Full
2026-03-25T11:06:38,L2,24,3514.33,1.12645,0.55597,0.02796,0.06411,0.41477,0.05306,0.03524,1.12155,4.58037,0.02578,0.0262891,0.00876305,0.0262891,1.12645,5.7277000000000005,,,,L2,0.0001,E:\Git-Repository\MyAI-Projects\RPi-Vesp-Training2-PT-GPU-WIN\training_logs\L2-YOLOV26-asianhornet2\weights\best.pt,E:\Git-Repository\MyAI-Projects\RPi-Vesp-Training2-PT-GPU-WIN\datasets\Detection-Asian-hornet.v2.yolo\data.yaml,16,"(512, 512)",YOLO26 baseline detect training Full
2026-03-25T11:06:38,L2,25,3655.66,1.11958,0.54821,0.02795,0.0649,0.46474,0.06311,0.04237,1.08019,4.29733,0.02493,0.0259752,0.00865839,0.0259752,1.11958,5.40245,,,,L2,0.0001,E:\Git-Repository\MyAI-Projects\RPi-Vesp-Training2-PT-GPU-WIN\training_logs\L2-YOLOV26-asianhornet2\weights\best.pt,E:\Git-Repository\MyAI-Projects\RPi-Vesp-Training2-PT-GPU-WIN\datasets\Detection-Asian-hornet.v2.yolo\data.yaml,16,"(512, 512)",YOLO26 baseline detect training Full
2026-03-25T11:06:38,L2,26,3796.45,1.10608,0.54032,0.02738,0.09827,0.51852,0.08763,0.06162,1.06403,4.30537,0.02419,0.0256505,0.00855018,0.0256505,1.10608,5.39359,,,,L2,0.0001,E:\Git-Repository\MyAI-Projects\RPi-Vesp-Training2-PT-GPU-WIN\training_logs\L2-YOLOV26-asianhornet2\weights\best.pt,E:\Git-Repository\MyAI-Projects\RPi-Vesp-Training2-PT-GPU-WIN\datasets\Detection-Asian-hornet.v2.yolo\data.yaml,16,"(512, 512)",YOLO26 baseline detect training Full
2026-03-25T11:06:38,L2,27,3938.53,1.10564,0.52464,0.02762,0.08994,0.47483,0.09086,0.05976,1.11707,4.4364,0.02566,0.0253155,0.00843851,0.0253155,1.10564,5.57913,,,,L2,0.0001,E:\Git-Repository\MyAI-Projects\RPi-Vesp-Training2-PT-GPU-WIN\training_logs\L2-YOLOV26-asianhornet2\weights\best.pt,E:\Git-Repository\MyAI-Projects\RPi-Vesp-Training2-PT-GPU-WIN\datasets\Detection-Asian-hornet.v2.yolo\data.yaml,16,"(512, 512)",YOLO26 baseline detect training Full
2026-03-25T11:06:38,L2,28,4080.64,1.0963,0.51872,0.02713,0.08659,0.5094,0.07958,0.05389,1.0907,4.25688,0.02468,0.0249705,0.00832349,0.0249705,1.0963,5.37226,,,,L2,0.0001,E:\Git-Repository\MyAI-Projects\RPi-Vesp-Training2-PT-GPU-WIN\training_logs\L2-YOLOV26-asianhornet2\weights\best.pt,E:\Git-Repository\MyAI-Projects\RPi-Vesp-Training2-PT-GPU-WIN\datasets\Detection-Asian-hornet.v2.yolo\data.yaml,16,"(512, 512)",YOLO26 baseline detect training Full
2026-03-25T11:06:38,L2,29,4222.24,1.06824,0.49974,0.02615,0.06233,0.3983,0.05579,0.03522,1.12678,4.58053,0.02578,0.0246157,0.00820525,0.0246157,1.06824,5.733090000000001,,,,L2,0.0001,E:\Git-Repository\MyAI-Projects\RPi-Vesp-Training2-PT-GPU-WIN\training_logs\L2-YOLOV26-asianhornet2\weights\best.pt,E:\Git-Repository\MyAI-Projects\RPi-Vesp-Training2-PT-GPU-WIN\datasets\Detection-Asian-hornet.v2.yolo\data.yaml,16,"(512, 512)",YOLO26 baseline detect training Full
2026-03-25T11:06:38,L2,30,4363.23,1.0514,0.48473,0.02564,0.09009,0.47704,0.07942,0.05329,1.107,4.39564,0.02525,0.0242517,0.00808389,0.0242517,1.0514,5.52789,,,,L2,0.0001,E:\Git-Repository\MyAI-Projects\RPi-Vesp-Training2-PT-GPU-WIN\training_logs\L2-YOLOV26-asianhornet2\weights\best.pt,E:\Git-Repository\MyAI-Projects\RPi-Vesp-Training2-PT-GPU-WIN\datasets\Detection-Asian-hornet.v2.yolo\data.yaml,16,"(512, 512)",YOLO26 baseline detect training Full
2026-03-25T11:06:38,L2,31,4504.8,1.03244,0.4781,0.02529,0.07932,0.33719,0.0576,0.04042,1.07254,4.67682,0.02443,0.0238786,0.00795954,0.0238786,1.03244,5.77379,,,,L2,0.0001,E:\Git-Repository\MyAI-Projects\RPi-Vesp-Training2-PT-GPU-WIN\training_logs\L2-YOLOV26-asianhornet2\weights\best.pt,E:\Git-Repository\MyAI-Projects\RPi-Vesp-Training2-PT-GPU-WIN\datasets\Detection-Asian-hornet.v2.yolo\data.yaml,16,"(512, 512)",YOLO26 baseline detect training Full
2026-03-25T11:06:38,L2,32,4645.4,1.02101,0.45648,0.0251,0.05554,0.37856,0.04406,0.02837,1.06034,4.6698,0.02413,0.0234969,0.00783231,0.0234969,1.02101,5.754270000000001,,,,L2,0.0001,E:\Git-Repository\MyAI-Projects\RPi-Vesp-Training2-PT-GPU-WIN\training_logs\L2-YOLOV26-asianhornet2\weights\best.pt,E:\Git-Repository\MyAI-Projects\RPi-Vesp-Training2-PT-GPU-WIN\datasets\Detection-Asian-hornet.v2.yolo\data.yaml,16,"(512, 512)",YOLO26 baseline detect training Full
2026-03-25T11:06:38,L2,33,4786.85,1.0076,0.45431,0.02434,0.0642,0.34834,0.04976,0.03312,1.0238,4.76792,0.02295,0.023107,0.00770234,0.023107,1.0076,5.81467,,,,L2,0.0001,E:\Git-Repository\MyAI-Projects\RPi-Vesp-Training2-PT-GPU-WIN\training_logs\L2-YOLOV26-asianhornet2\weights\best.pt,E:\Git-Repository\MyAI-Projects\RPi-Vesp-Training2-PT-GPU-WIN\datasets\Detection-Asian-hornet.v2.yolo\data.yaml,16,"(512, 512)",YOLO26 baseline detect training Full
2026-03-25T11:06:38,L2,34,4929.83,0.99988,0.43965,0.02429,0.05235,0.29522,0.04121,0.027,1.07725,4.85856,0.02461,0.0227093,0.00756976,0.0227093,0.99988,5.96042,,,,L2,0.0001,E:\Git-Repository\MyAI-Projects\RPi-Vesp-Training2-PT-GPU-WIN\training_logs\L2-YOLOV26-asianhornet2\weights\best.pt,E:\Git-Repository\MyAI-Projects\RPi-Vesp-Training2-PT-GPU-WIN\datasets\Detection-Asian-hornet.v2.yolo\data.yaml,16,"(512, 512)",YOLO26 baseline detect training Full
2026-03-25T11:06:38,L2,35,5072.8,0.99401,0.42779,0.02397,0.06308,0.27927,0.04794,0.03135,1.04502,4.86945,0.02359,0.022304,0.00743468,0.022304,0.99401,5.93806,,,,L2,0.0001,E:\Git-Repository\MyAI-Projects\RPi-Vesp-Training2-PT-GPU-WIN\training_logs\L2-YOLOV26-asianhornet2\weights\best.pt,E:\Git-Repository\MyAI-Projects\RPi-Vesp-Training2-PT-GPU-WIN\datasets\Detection-Asian-hornet.v2.yolo\data.yaml,16,"(512, 512)",YOLO26 baseline detect training Full
2026-03-25T11:06:38,L2,36,5215.0,0.97738,0.41038,0.02352,0.04681,0.29929,0.03757,0.02426,1.04073,4.84474,0.02337,0.0218918,0.00729725,0.0218918,0.97738,5.90884,,,,L2,0.0001,E:\Git-Repository\MyAI-Projects\RPi-Vesp-Training2-PT-GPU-WIN\training_logs\L2-YOLOV26-asianhornet2\weights\best.pt,E:\Git-Repository\MyAI-Projects\RPi-Vesp-Training2-PT-GPU-WIN\datasets\Detection-Asian-hornet.v2.yolo\data.yaml,16,"(512, 512)",YOLO26 baseline detect training Full
2026-03-25T11:06:38,L2,37,5356.86,0.95983,0.40273,0.02316,0.04273,0.23829,0.03159,0.01971,1.0832,5.15085,0.02428,0.0214728,0.00715761,0.0214728,0.95983,6.25833,,,,L2,0.0001,E:\Git-Repository\MyAI-Projects\RPi-Vesp-Training2-PT-GPU-WIN\training_logs\L2-YOLOV26-asianhornet2\weights\best.pt,E:\Git-Repository\MyAI-Projects\RPi-Vesp-Training2-PT-GPU-WIN\datasets\Detection-Asian-hornet.v2.yolo\data.yaml,16,"(512, 512)",YOLO26 baseline detect training Full
2026-03-25T11:06:38,L2,38,5500.68,0.94395,0.40599,0.02264,0.06017,0.24656,0.03948,0.02571,1.01929,5.20822,0.02284,0.0210476,0.00701588,0.0210476,0.94395,6.25035,,,,L2,0.0001,E:\Git-Repository\MyAI-Projects\RPi-Vesp-Training2-PT-GPU-WIN\training_logs\L2-YOLOV26-asianhornet2\weights\best.pt,E:\Git-Repository\MyAI-Projects\RPi-Vesp-Training2-PT-GPU-WIN\datasets\Detection-Asian-hornet.v2.yolo\data.yaml,16,"(512, 512)",YOLO26 baseline detect training Full
2026-03-25T11:06:38,L2,39,5642.21,0.94747,0.37883,0.02263,0.0925,0.32181,0.07289,0.04827,1.05114,4.9403,0.02382,0.0206166,0.00687222,0.0206166,0.94747,6.01526,,,,L2,0.0001,E:\Git-Repository\MyAI-Projects\RPi-Vesp-Training2-PT-GPU-WIN\training_logs\L2-YOLOV26-asianhornet2\weights\best.pt,E:\Git-Repository\MyAI-Projects\RPi-Vesp-Training2-PT-GPU-WIN\datasets\Detection-Asian-hornet.v2.yolo\data.yaml,16,"(512, 512)",YOLO26 baseline detect training Full
2026-03-25T11:06:38,L2,40,5783.81,0.92884,0.37142,0.02221,0.05704,0.25597,0.04554,0.0309,1.01066,5.03606,0.02276,0.0201803,0.00672675,0.0201803,0.92884,6.0694799999999995,,,,L2,0.0001,E:\Git-Repository\MyAI-Projects\RPi-Vesp-Training2-PT-GPU-WIN\training_logs\L2-YOLOV26-asianhornet2\weights\best.pt,E:\Git-Repository\MyAI-Projects\RPi-Vesp-Training2-PT-GPU-WIN\datasets\Detection-Asian-hornet.v2.yolo\data.yaml,16,"(512, 512)",YOLO26 baseline detect training Full
2026-03-25T11:06:38,L2,41,5925.34,0.90442,0.35959,0.02165,0.06137,0.24396,0.04414,0.02931,0.99251,5.09511,0.02258,0.0197389,0.00657963,0.0197389,0.90442,6.1102,,,,L2,0.0001,E:\Git-Repository\MyAI-Projects\RPi-Vesp-Training2-PT-GPU-WIN\training_logs\L2-YOLOV26-asianhornet2\weights\best.pt,E:\Git-Repository\MyAI-Projects\RPi-Vesp-Training2-PT-GPU-WIN\datasets\Detection-Asian-hornet.v2.yolo\data.yaml,16,"(512, 512)",YOLO26 baseline detect training Full
2026-03-25T11:06:38,L2,42,6068.06,0.90012,0.36225,0.02138,0.06108,0.27306,0.04774,0.03118,1.0266,5.02618,0.02349,0.019293,0.00643101,0.019293,0.90012,6.07627,,,,L2,0.0001,E:\Git-Repository\MyAI-Projects\RPi-Vesp-Training2-PT-GPU-WIN\training_logs\L2-YOLOV26-asianhornet2\weights\best.pt,E:\Git-Repository\MyAI-Projects\RPi-Vesp-Training2-PT-GPU-WIN\datasets\Detection-Asian-hornet.v2.yolo\data.yaml,16,"(512, 512)",YOLO26 baseline detect training Full
2026-03-25T11:06:38,L2,43,6211.71,0.88032,0.34567,0.02084,0.06585,0.23747,0.04603,0.03247,0.97828,5.05129,0.02191,0.018843,0.00628101,0.018843,0.88032,6.05148,,,,L2,0.0001,E:\Git-Repository\MyAI-Projects\RPi-Vesp-Training2-PT-GPU-WIN\training_logs\L2-YOLOV26-asianhornet2\weights\best.pt,E:\Git-Repository\MyAI-Projects\RPi-Vesp-Training2-PT-GPU-WIN\datasets\Detection-Asian-hornet.v2.yolo\data.yaml,16,"(512, 512)",YOLO26 baseline detect training Full
2026-03-25T11:06:38,L2,44,6354.21,0.86688,0.35088,0.02052,0.06562,0.26593,0.04739,0.03169,0.97988,5.23077,0.02205,0.0183894,0.00612981,0.0183894,0.86688,6.2326999999999995,,,,L2,0.0001,E:\Git-Repository\MyAI-Projects\RPi-Vesp-Training2-PT-GPU-WIN\training_logs\L2-YOLOV26-asianhornet2\weights\best.pt,E:\Git-Repository\MyAI-Projects\RPi-Vesp-Training2-PT-GPU-WIN\datasets\Detection-Asian-hornet.v2.yolo\data.yaml,16,"(512, 512)",YOLO26 baseline detect training Full
2026-03-25T11:06:38,L2,45,6495.4,0.86471,0.33648,0.0205,0.04516,0.20847,0.03427,0.02116,0.98863,5.54529,0.0218,0.0179326,0.00597754,0.0179326,0.86471,6.555719999999999,,,,L2,0.0001,E:\Git-Repository\MyAI-Projects\RPi-Vesp-Training2-PT-GPU-WIN\training_logs\L2-YOLOV26-asianhornet2\weights\best.pt,E:\Git-Repository\MyAI-Projects\RPi-Vesp-Training2-PT-GPU-WIN\datasets\Detection-Asian-hornet.v2.yolo\data.yaml,16,"(512, 512)",YOLO26 baseline detect training Full
2026-03-25T11:06:38,L2,46,6636.48,0.85323,0.32301,0.02008,0.05619,0.24917,0.04094,0.02734,0.98686,5.16815,0.02222,0.0174731,0.00582435,0.0174731,0.85323,6.17723,,,,L2,0.0001,E:\Git-Repository\MyAI-Projects\RPi-Vesp-Training2-PT-GPU-WIN\training_logs\L2-YOLOV26-asianhornet2\weights\best.pt,E:\Git-Repository\MyAI-Projects\RPi-Vesp-Training2-PT-GPU-WIN\datasets\Detection-Asian-hornet.v2.yolo\data.yaml,16,"(512, 512)",YOLO26 baseline detect training Full
2026-03-25T11:06:38,L2,47,6777.81,0.82376,0.31227,0.01961,0.0626,0.28312,0.05395,0.03688,0.96633,5.1445,0.02169,0.0170112,0.0056704,0.0170112,0.82376,6.13252,,,,L2,0.0001,E:\Git-Repository\MyAI-Projects\RPi-Vesp-Training2-PT-GPU-WIN\training_logs\L2-YOLOV26-asianhornet2\weights\best.pt,E:\Git-Repository\MyAI-Projects\RPi-Vesp-Training2-PT-GPU-WIN\datasets\Detection-Asian-hornet.v2.yolo\data.yaml,16,"(512, 512)",YOLO26 baseline detect training Full
2026-03-25T11:06:38,L2,48,6919.41,0.82236,0.31033,0.01927,0.05417,0.21392,0.03911,0.02538,0.96781,5.44807,0.02124,0.0165475,0.00551584,0.0165475,0.82236,6.43712,,,,L2,0.0001,E:\Git-Repository\MyAI-Projects\RPi-Vesp-Training2-PT-GPU-WIN\training_logs\L2-YOLOV26-asianhornet2\weights\best.pt,E:\Git-Repository\MyAI-Projects\RPi-Vesp-Training2-PT-GPU-WIN\datasets\Detection-Asian-hornet.v2.yolo\data.yaml,16,"(512, 512)",YOLO26 baseline detect training Full
2026-03-25T11:06:38,L2,49,7060.65,0.81748,0.3147,0.01914,0.0607,0.21563,0.04412,0.02966,0.94885,5.25049,0.02104,0.0160824,0.00536081,0.0160824,0.81748,6.2203800000000005,,,,L2,0.0001,E:\Git-Repository\MyAI-Projects\RPi-Vesp-Training2-PT-GPU-WIN\training_logs\L2-YOLOV26-asianhornet2\weights\best.pt,E:\Git-Repository\MyAI-Projects\RPi-Vesp-Training2-PT-GPU-WIN\datasets\Detection-Asian-hornet.v2.yolo\data.yaml,16,"(512, 512)",YOLO26 baseline detect training Full
2026-03-25T11:06:38,L2,50,7201.94,0.80425,0.30955,0.01896,0.05163,0.18047,0.03437,0.02362,0.96517,5.63291,0.02183,0.0156164,0.00520548,0.0156164,0.80425,6.619909999999999,,,,L2,0.0001,E:\Git-Repository\MyAI-Projects\RPi-Vesp-Training2-PT-GPU-WIN\training_logs\L2-YOLOV26-asianhornet2\weights\best.pt,E:\Git-Repository\MyAI-Projects\RPi-Vesp-Training2-PT-GPU-WIN\datasets\Detection-Asian-hornet.v2.yolo\data.yaml,16,"(512, 512)",YOLO26 baseline detect training Full
2026-03-25T11:06:38,L2,51,7343.28,0.78763,0.29138,0.01828,0.05644,0.17524,0.04043,0.02712,0.94184,5.62537,0.02099,0.01515,0.00505,0.01515,0.78763,6.5882000000000005,,,,L2,0.0001,E:\Git-Repository\MyAI-Projects\RPi-Vesp-Training2-PT-GPU-WIN\training_logs\L2-YOLOV26-asianhornet2\weights\best.pt,E:\Git-Repository\MyAI-Projects\RPi-Vesp-Training2-PT-GPU-WIN\datasets\Detection-Asian-hornet.v2.yolo\data.yaml,16,"(512, 512)",YOLO26 baseline detect training Full
2026-03-25T11:06:38,L2,52,7484.65,0.77838,0.29039,0.01813,0.05715,0.18105,0.03897,0.02443,0.96503,5.40011,0.02169,0.0146836,0.00489452,0.0146836,0.77838,6.386830000000001,,,,L2,0.0001,E:\Git-Repository\MyAI-Projects\RPi-Vesp-Training2-PT-GPU-WIN\training_logs\L2-YOLOV26-asianhornet2\weights\best.pt,E:\Git-Repository\MyAI-Projects\RPi-Vesp-Training2-PT-GPU-WIN\datasets\Detection-Asian-hornet.v2.yolo\data.yaml,16,"(512, 512)",YOLO26 baseline detect training Full
2026-03-25T11:06:38,L2,53,7625.71,0.77107,0.27834,0.01798,0.06226,0.21271,0.04747,0.03154,0.93436,5.3814,0.02069,0.0142176,0.00473919,0.0142176,0.77107,6.33645,,,,L2,0.0001,E:\Git-Repository\MyAI-Projects\RPi-Vesp-Training2-PT-GPU-WIN\training_logs\L2-YOLOV26-asianhornet2\weights\best.pt,E:\Git-Repository\MyAI-Projects\RPi-Vesp-Training2-PT-GPU-WIN\datasets\Detection-Asian-hornet.v2.yolo\data.yaml,16,"(512, 512)",YOLO26 baseline detect training Full
2026-03-25T11:06:38,L2,54,7767.21,0.75026,0.27931,0.01742,0.0568,0.18693,0.03901,0.02547,0.91907,5.41148,0.02037,0.0137525,0.00458416,0.0137525,0.75026,6.35092,,,,L2,0.0001,E:\Git-Repository\MyAI-Projects\RPi-Vesp-Training2-PT-GPU-WIN\training_logs\L2-YOLOV26-asianhornet2\weights\best.pt,E:\Git-Repository\MyAI-Projects\RPi-Vesp-Training2-PT-GPU-WIN\datasets\Detection-Asian-hornet.v2.yolo\data.yaml,16,"(512, 512)",YOLO26 baseline detect training Full
2026-03-25T11:06:38,L2,55,7909.59,0.72651,0.26661,0.01701,0.04511,0.13935,0.02919,0.01866,0.95159,5.72738,0.02109,0.0132888,0.0044296,0.0132888,0.72651,6.700060000000001,,,,L2,0.0001,E:\Git-Repository\MyAI-Projects\RPi-Vesp-Training2-PT-GPU-WIN\training_logs\L2-YOLOV26-asianhornet2\weights\best.pt,E:\Git-Repository\MyAI-Projects\RPi-Vesp-Training2-PT-GPU-WIN\datasets\Detection-Asian-hornet.v2.yolo\data.yaml,16,"(512, 512)",YOLO26 baseline detect training Full
2026-03-25T11:06:38,L2,56,8051.34,0.72802,0.26332,0.01696,0.03922,0.12696,0.02522,0.0167,0.94356,6.10362,0.0208,0.0128269,0.00427565,0.0128269,0.72802,7.06798,,,,L2,0.0001,E:\Git-Repository\MyAI-Projects\RPi-Vesp-Training2-PT-GPU-WIN\training_logs\L2-YOLOV26-asianhornet2\weights\best.pt,E:\Git-Repository\MyAI-Projects\RPi-Vesp-Training2-PT-GPU-WIN\datasets\Detection-Asian-hornet.v2.yolo\data.yaml,16,"(512, 512)",YOLO26 baseline detect training Full
